[
  {
    "id": "demo-day-spring",
    "name": "Spring Demo Day 2024",
    "date": "2024-04-15",
    "type": "demo",
    "location": "San Francisco, CA",
    "description": "Showcase your startup to top investors and industry leaders."
  },
  {
    "id": "mentor-mixer",
    "name": "Mentor Mixer",
    "date": "2024-03-20",
    "type": "networking",
    "location": "Virtual",
    "description": "Connect with experienced entrepreneurs and industry mentors."
  },
  {
    "id": "technical-workshop",
    "name": "No-Code MVP Workshop",
    "date": "2024-03-05",
    "type": "workshop",
    "location": "New York, NY",
    "description": "Learn to build your MVP without writing code using modern tools."
  },
  {
    "id": "investor-panel",
    "name": "Student Founder Investor Panel",
    "date": "2024-04-01",
    "type": "panel",
    "location": "Boston, MA",
    "description": "VCs discuss what they look for in student-founded startups."
  }
]