[
  {
    "id": "sprint-30",
    "title": "Sprint 30",
    "type": "sprint",
    "duration": "30 days",
    "level": "beginner",
    "startDate": "2024-02-01",
    "seats": 50,
    "description": "Transform your idea into an investor-ready pitch in 30 days with our intensive sprint program.",
    "outcomes": ["GPS v1.0 Pitch Deck", "Validated MVP", "Market Analysis", "Financial Model"],
    "commitment": "2-3 hours daily",
    "teamSize": "1-3 founders",
    "syllabus": [
      {
        "week": 1,
        "title": "Problem Discovery",
        "description": "Identify real pain points, conduct customer interviews, and define your ICP."
      },
      {
        "week": 2,
        "title": "Validation & MVP",
        "description": "Design experiments, build your MVP, and gather user feedback."
      },
      {
        "week": 3,
        "title": "Market & GTM",
        "description": "Size your market, define unit economics, and plan your go-to-market strategy."
      },
      {
        "week": 4,
        "title": "Finance & Pitch",
        "description": "Build financial models, craft your pitch deck, and practice your presentation."
      }
    ]
  },
  {
    "id": "incubator-8",
    "title": "Incubator 8-Week",
    "type": "incubator",
    "duration": "8 weeks",
    "level": "advanced",
    "startDate": "2024-02-15",
    "seats": 20,
    "description": "Deep-dive program with mentor support, office hours, and comprehensive startup building.",
    "outcomes": ["Fully-built MVP", "GTM Execution", "Investor Pipeline", "Dataroom Ready"],
    "commitment": "15-20 hours weekly",
    "teamSize": "2-4 founders",
    "syllabus": [
      {
        "week": 1,
        "title": "Problem & Research",
        "description": "In-depth market research and customer discovery with dedicated mentor support."
      },
      {
        "week": 2,
        "title": "Experiments & Validation",
        "description": "Design and execute validation experiments with rigorous data collection."
      },
      {
        "week": 3,
        "title": "MVP Development",
        "description": "Build and iterate your MVP with user testing and feedback loops."
      },
      {
        "week": 4,
        "title": "Market Analysis",
        "description": "Comprehensive market sizing, competitive analysis, and positioning strategy."
      },
      {
        "week": 5,
        "title": "GTM Strategy",
        "description": "Develop and test your go-to-market strategy with first customer acquisition."
      },
      {
        "week": 6,
        "title": "Business Model",
        "description": "Refine unit economics, pricing strategy, and revenue model validation."
      },
      {
        "week": 7,
        "title": "Finance & Legal",
        "description": "Financial modeling, cap table design, and legal structure setup."
      },
      {
        "week": 8,
        "title": "Investor Readiness",
        "description": "Pitch perfection, dataroom preparation, and investor outreach strategy."
      }
    ]
  },
  {
    "id": "hackathon-48",
    "title": "Hackathon 48-Hour",
    "type": "hackathon",
    "duration": "48 hours",
    "level": "beginner",
    "startDate": "2024-03-01",
    "seats": 100,
    "description": "Rapid prototyping weekend to build and pitch your idea in just 48 hours.",
    "outcomes": ["Working Prototype", "3-Minute Pitch", "Validation Data", "Team Formation"],
    "commitment": "Full weekend",
    "teamSize": "2-5 members",
    "syllabus": [
      {
        "hour": "0-6",
        "title": "Team Formation & Problem Selection",
        "description": "Form teams, select problems, and define your validation hypothesis."
      },
      {
        "hour": "6-24",
        "title": "Rapid Validation",
        "description": "Conduct quick user interviews and validate your problem-solution fit."
      },
      {
        "hour": "24-42",
        "title": "MVP Building",
        "description": "Build a working prototype or demo that demonstrates your solution."
      },
      {
        "hour": "42-48",
        "title": "Pitch Preparation",
        "description": "Create your pitch deck and practice your 3-minute presentation."
      }
    ]
  }
]