[
  {
    "id": "eduflow",
    "name": "EduFlow",
    "oneLiner": "AI-powered personalized learning paths for K-12 students",
    "stage": "scaling",
    "sector": "EdTech",
    "metrics": "15k MAU, 25% month-over-month growth",
    "founded": "2023",
    "team": ["Sarah Chen", "Michael Rodriguez"],
    "problem": "Traditional education doesn't adapt to individual learning styles and paces, leaving many students behind.",
    "solution": "AI platform that creates personalized learning paths, adapts in real-time to student progress, and provides actionable insights for teachers.",
    "traction": [
      { "date": "2023-06", "metric": "First 100 users" },
      { "date": "2023-09", "metric": "1,000 active students" },
      { "date": "2023-12", "metric": "5,000 MAU, first school district" },
      { "date": "2024-01", "metric": "15,000 MAU, 12 school partnerships" }
    ],
    "lookingForFunding": true,
    "contact": "founders@eduflow.com"
  },
  {
    "id": "greenthumb",
    "name": "GreenThumb",
    "oneLiner": "Smart indoor gardening system for urban apartments",
    "stage": "mvp",
    "sector": "Sustainability",
    "metrics": "500 beta users, 4.8/5 rating",
    "founded": "2023",
    "team": ["Alex Kim", "Jordan Taylor"],
    "problem": "Urban dwellers want to grow their own food but lack space, knowledge, and time for traditional gardening.",
    "solution": "Compact hydroponic system with IoT sensors, mobile app guidance, and automated nutrient delivery.",
    "traction": [
      { "date": "2023-08", "metric": "Prototype completed" },
      { "date": "2023-10", "metric": "50 beta testers" },
      { "date": "2023-12", "metric": "500 beta users" },
      { "date": "2024-01", "metric": "Pre-orders open, 200 units sold" }
    ],
    "lookingForFunding": true,
    "contact": "hello@greenthumb.app"
  },
  {
    "id": "financebuddy",
    "name": "FinanceBuddy",
    "oneLiner": "Financial literacy app for college students and young adults",
    "stage": "idea",
    "sector": "FinTech",
    "metrics": "Market research completed, 1000 survey responses",
    "founded": "2024",
    "team": ["Priya Patel", "David Wilson"],
    "problem": "Young adults lack basic financial literacy, leading to poor money decisions and mounting debt.",
    "solution": "Gamified learning platform with personalized budgeting tools, investment simulations, and peer challenges.",
    "traction": [
      { "date": "2024-01", "metric": "Market research completed" },
      { "date": "2024-02", "metric": "1000 student survey responses" },
      { "date": "2024-02", "metric": "Wireframes completed" }
    ],
    "lookingForFunding": false,
    "contact": "team@financebuddy.co"
  },
  {
    "id": "healthtrack",
    "name": "HealthTrack",
    "oneLiner": "Wearable device for early detection of health issues in seniors",
    "stage": "scaling",
    "sector": "HealthTech",
    "metrics": "2k devices deployed, FDA approval pending",
    "founded": "2022",
    "team": ["Dr. Emily Zhang", "Robert Kumar", "Lisa Chen"],
    "problem": "Many health issues in seniors go undetected until they become serious and expensive to treat.",
    "solution": "Continuous monitoring wearable with AI algorithms that detect early warning signs and alert caregivers.",
    "traction": [
      { "date": "2022-06", "metric": "Prototype developed" },
      { "date": "2022-12", "metric": "Clinical trials began" },
      { "date": "2023-06", "metric": "500 devices in pilot programs" },
      { "date": "2024-01", "metric": "2000 devices deployed, FDA submission" }
    ],
    "lookingForFunding": true,
    "contact": "founders@healthtrack.io"
  },
  {
    "id": "codemate",
    "name": "CodeMate",
    "oneLiner": "AI pair programming assistant for coding bootcamps",
    "stage": "mvp",
    "sector": "EdTech",
    "metrics": "800 beta users, 15 bootcamp partnerships",
    "founded": "2023",
    "team": ["Marcus Johnson", "Aisha Patel"],
    "problem": "Coding bootcamp students struggle with debugging and often get stuck without immediate help from instructors.",
    "solution": "AI-powered coding assistant that provides real-time help, code review, and personalized learning recommendations.",
    "traction": [
      { "date": "2023-07", "metric": "MVP launched" },
      { "date": "2023-09", "metric": "100 beta users" },
      { "date": "2023-11", "metric": "500 users, 5 bootcamp partnerships" },
      { "date": "2024-01", "metric": "800 users, 15 bootcamp partnerships" }
    ],
    "lookingForFunding": true,
    "contact": "hello@codemate.dev"
  },
  {
    "id": "socialimpact",
    "name": "ImpactConnect",
    "oneLiner": "Platform connecting students with meaningful volunteer opportunities",
    "stage": "idea",
    "sector": "Social Impact",
    "metrics": "Partnership discussions with 20 nonprofits",
    "founded": "2024",
    "team": ["Maria Gonzalez", "James Liu"],
    "problem": "Students want to make a difference but struggle to find volunteer opportunities that match their skills and schedule.",
    "solution": "AI-matching platform that connects students with nonprofits based on skills, interests, availability, and impact goals.",
    "traction": [
      { "date": "2024-01", "metric": "Concept validated with 500 students" },
      { "date": "2024-02", "metric": "Partnership discussions with 20 nonprofits" }
    ],
    "lookingForFunding": false,
    "contact": "team@impactconnect.org"
  }
]